Date,Capture Site,Capture UTM-Y,Capture UTM-X,Length (mm),Weight (g),Dorsal Gap (mm),Girth (mm),Genetic,PIT Tagged (Y/N),Status,,PIT Tag #,Radio Tag #,Surgery Time (MM:SS),Injuries,Recovery Tank Temp,Release Site,Release UTM-X,Release UTM-Y,Release Time,Release Temp,Tank Water Temp,Tagger,Genetic,,Lamprey ID,,,
7/2/2023,Shears,5013394.42,653819.54,630,,15,30,4101,Y,Alive,,3D6.1D59577612,440264,,none,,WS,618811.36,4984291.2,2AM,,,AK,4101,CI-1,LI-1,M-1,,
7/2/2023,Shears,5013394.42,653819.54,610,,14,27,4102,Y,Alive,,3D6.1D5957762D,440263,,none,,WS,618811.36,4984291.2,2AM,,,AK,4102,CI-2,LI-2,M2,,
7/2/2023,Shears,5013394.42,653819.54,600,,16,32,4103,Y,Alive,,3D6.1D5957764A,440262,,none,,WS,618811.36,4984291.2,2AM,,,AK,4103,CI-3,LI-3,M-3,,
7/3/2023,Shears,5013394.42,653819.54,610,,15,30,4104,Y,Alive,,3D6.1D5957762F,440261,15:00,none,,BEAV,611558.12,4980505.68,3AM,13,12,AK,4104,CI-4,LI-4,M-4,,
7/3/2023,Shears,5013394.42,653819.54,560,,14,28,4105,Y,Alive,,3D6.1D59577648,440625,8:28,none,,BEAV,611558.12,4980505.68,3AM,13,12,AK,4105,CI-5,LI-5,M-5,,
7/3/2023,Shears,5013394.42,653819.54,590,,14,31,4106,Y,Alive,,3D6.1D59577607,440266,7:07,none,,BEAV,611558.12,4980505.68,3AM,13,12,AK,4106,CI-6,LI-6,M-6,,
8/7/2023,Shears,5013394.42,653819.54,640,440,15,34,4107,Y,Alive,,3D6.1D5957761B,440267,11:12,none,15,WS,618811.36,4984291.2,10AM,10,,AK,4107,CI-7,LI-7,M-7,,
8/7/2023,Shears,5013394.42,653819.54,510,250,13,33,4108,Y,Alive,,3D6.1D5957763E,440268,9:30,none,15,WS,618811.36,4984291.2,10AM,10,,AK,4108,CI-8,LI-8,M-8,,
8/7/2023,Shears,5013394.42,653819.54,660,511,15,35,4109,Y,Alive,,3D6.1D59577615,440269,13:41,none,,WS,618811.36,4984291.2,10AM,10,,AK,4109,CI-9,LI-9,M-9,,
8/7/2023,Shears,5013394.42,653819.54,650,479,14,36,4110,Y,Alive,,3D6.1D59577639,440270,11:22,none,,WS,618811.36,4984291.2,10AM,10,,AK,4110,CI-10,LI-10,M-10,,
8/7/2023,Shears,5013394.42,653819.54,650,700,16,34,4111,Y,Alive,,3D6.1D59577608,440271,9:32,none,,WS,618811.36,4984291.2,10AM,10,,AK,4111,CI-11,LI-11,M-11,,
8/7/2023,Shears,5013394.42,653819.54,590,307,14,28,4112,Y,Alive,,3D6.1D59577661,440272,9:24,none,,WS,618811.36,4984291.2,10AM,10,,AK,4112,CI-12,LI-12,M-12,,
8/7/2023,Shears,5013394.42,653819.54,500,229,12,22,4113,Y,Alive,,3D6.1D5957760C,440276,10:18,none,,WS,618811.36,4984291.2,10AM,10,,AK,4113,CI-13,LI-13,M-13,,
8/7/2023,Shears,5013394.42,653819.54,580,391,14,31,4114,Y,Alive,,3D6.1D59577622,440275,,none,,WS,618811.36,4984291.2,10AM,10,,AK,4114,CI-14,LI-14,M-14,,
8/7/2023,Shears,5013394.42,653819.54,650,462,16,32,4115,Y,Alive,,3D6.1D59577629,440274,11:20,none,,WS,618811.36,4984291.2,10AM,10,,AK,4115,CI-15,LI-15,M-15,,
8/7/2023,Shears,5013394.42,653819.54,560,325,14,29,4116,Y,Alive,,3D6.1D59577666,440273,,none,,WS,618811.36,4984291.2,10AM,10,,AK,4116,CI-16,LI-16,M-16,,
8/7/2023,Shears,5013394.42,653819.54,590,344,13,29,4117,Y,Alive,,3D6.1D59577619,440280,8:05,none,,WS,618811.36,4984291.2,10AM,10,,AK,4117,CI-17,LI-17,M-17,,
8/7/2023,Shears,5013394.42,653819.54,510,256,12,25,4118,Y,Alive,,3D6.1D59577625,440279,6:24,none,,WS,618811.36,4984291.2,10AM,10,,AK,4118,CI-18,LI-18,M-18,,
8/7/2023,Shears,5013394.42,653819.54,610,388,14,30,4119,Y,Alive,,3D6.1D5957760D,440278,9:48,none,17,WS,618811.36,4984291.2,10AM,10,,AK,4119,CI-19,LI-19,M-19,,
8/7/2023,Shears,5013394.42,653819.54,680,561,17,37,4120,Y,Alive,,3D6.1D59577656,440277,6:26,none,17,WS,618811.36,4984291.2,10AM,10,,AK,4120,CI-20,LI-20,M-20,,
8/9/2023,Shears,5013394.42,653819.54,570,288,13,28,4121,y,Alive,,3D6.1D5957765E,440281,9:27,none,12,BEAV,611558.12,4980505.68,11AM,15,13,AK,4121,CI-21,LI-21,M-21,,
8/9/2023,Shears,5013394.42,653819.54,610,380,13,33,4122,y,Alive,,3D6.1D5957762A,440284,13:12,none,12,BEAV,611558.12,4980505.68,11AM,15,13,AK,4122,CI-22,LI-22,M-22,,
8/9/2023,Shears,5013394.42,653819.54,600,343,14,33,4123,y,Alive,,3D6.1D5957761A,440283,11:39,none,12,BEAV,611558.12,4980505.68,11AM,15,13,AK,4123,CI-23,LI-23,M-23,,
8/9/2023,Shears,5013394.42,653819.54,610,429,15,36,4124,y,Alive,,3D6.1D5957765D,440282,12:46,none,13,BEAV,611558.12,4980505.68,11AM,15,13,AK,4124,CI-24,LI-24,M-24,,
8/9/2023,Shears,5013394.42,653819.54,570,342,15,30,4125,y,Alive,,3D1.1D59577630,440286,11:21,none,13,BEAV,611558.12,4980505.68,11AM,15,13,AK,4125,CI-25,LI-25,M-25,,
8/9/2023,Shears,5013394.42,653819.54,625,472,16,35,4126,y,Alive,,3D6.1D5957764B,440285,8:40,none,13,BEAV,611558.12,4980505.68,11AM,15,13,AK,4126,CI-26,LI-26,M-26,,
8/9/2023,Shears,5013394.42,653819.54,610,389,15,33,4127,y,Alive,,3D6.1D5957761F,440292,8:23,none,13,BEAV,611558.12,4980505.68,11AM,15,13,AK,4127,CI-27,LI-27,M-27,,
8/9/2023,Shears,5013394.42,653819.54,615,406,15,35,4128,y,Alive,,3D6.1D59577654,440291,10:05,none,13,BEAV,611558.12,4980505.68,11AM,15,13,AK,4128,CI-28,LI-28,M-28,,
8/9/2023,Shears,5013394.42,653819.54,540,307,12,27,4129,y,Alive,,3D6.1D59577668,440290,9:02,none,13,BEAV,611558.12,4980505.68,11AM,15,14,AK,4129,CI-29,LI-29,M-29,,
8/9/2023,Shears,5013394.42,653819.54,660,464,17,37,4130,y,Alive,,3D6.1D59577650,440289,8:42,none,13,BEAV,611558.12,4980505.68,11AM,15,14,AK,4130,CI-30,LI-30,M-30,,
8/9/2023,Shears,5013394.42,653819.54,620,392,15,34,4131,y,Alive,,3D6.1D59577652,440293,8:32,none,14,BEAV,611558.12,4980505.68,11AM,15,14,AK,4131,CI-31,LI-31,M-31,,
8/9/2023,Shears,5013394.42,653819.54,620,419,15,35,4132,y,Alive,,3D6.1D5957760B,440294,8:00,none,14,BEAV,611558.12,4980505.68,11AM,15,14,AK,4132,CI-32,LI-32,M-32,,
8/9/2023,Shears,5013394.42,653819.54,590,313,13,26,4133,y,Alive,,3D6.1D59577640,440295,7:50,none,14,BEAV,611558.12,4980505.68,11AM,15,14,AK,4133,CI-33,LI-33,M-33,,
8/9/2023,Shears,5013394.42,653819.54,590,352,14,31,4134,y,Alive,,3D6.1D5957761D,440296,7:14,none,14,BEAV,611558.12,4980505.68,11AM,15,14,AK,4134,CI-34,LI-34,M-34,,
8/9/2023,Shears,5013394.42,653819.54,540,260,13,28,4135,y,Alive,,3D6.1D59577663,440297,,none,14,BEAV,611558.12,4980505.68,11AM,15,14,AK,4135,CI-35,LI-35,M-35,,
8/9/2023,Shears,5013394.42,653819.54,600,326,14,29,4136,y,Alive,,3D6.1D59577660,440298,,none,14,BEAV,611558.12,4980505.68,11AM,15,14,AK,4136,CI-36,LI-36,M-36,,
8/11/2023,Shears,5013394.42,653819.54,580,354,13,30,4137,Y,Alive,,3D6.1D5957763D,440299,13:00,,,BEAV,611558.12,4980505.68,,,,AK,4137,CI-37,LI-37,M-37,,
8/11/2023,Shears,5013394.42,653819.54,530,270,12,25,4138,Y,Alive,,3D6.1D5957764D,440300,10:52,,,WS,618811.36,4984291.2,,,,AK,4138,CI-38,LI-38,M-38,,
8/11/2023,Shears,5013394.42,653819.54,660,534,16,36,4139,Y,Alive,,3D6.1D59577618,440304,14:06,,,BEAV,611558.12,4980505.68,,,,,4139,CI-39,LI-39,M-39,,
8/11/2023,Shears,5013394.42,653819.54,505,222,11,24,4140,Y,Alive,,3D6.1D59577628,none,2:00,,,WS,618811.36,4984291.2,,,,,4140,CI-40,LI-40,M-40,,
8/11/2023,Shears,5013394.42,653819.54,592,344,14,26,4141,Y,Alive,,3D6.1D59577665,440303,8:53,,,WS,618811.36,4984291.2,,,,,4141,CI-41,LI-41,M-41,,
8/11/2023,Shears,5013394.42,653819.54,560,340,14,28,4142,Y,Alive,,3D6.1D5957763B,440302,6:00,,,WS,618811.36,4984291.2,,,,,4142,CI-42,LI-42,M-42,,
8/11/2023,Shears,5013394.42,653819.54,575,405,15,31,4143,Y,Alive,,3D6.1D59577637,440301,5:36,,,WS,618811.36,4984291.2,,,,,4143,CI-43,LI-43,M-43,,
8/11/2023,Shears,5013394.42,653819.54,565,309,14,25,4144,Y,Alive,,3D6.1D5957763C,440305,8:15,,,BEAV,611558.12,4980505.68,,,,,4144,CI-44,LI-44,M-44,,
8/11/2023,Shears,5013394.42,653819.54,520,273,12,24,4145,Y,Alive,,3D6.1D5957764F,440306,6:52,,,WS,618811.36,4984291.2,,,,,4145,CI-45,LI-45,M-45,,
8/11/2023,Shears,5013394.42,653819.54,515,229,13,19,4146,Y,Alive,,3D6.1D5957762E,440307,6:36,,,BEAV,611558.12,4980505.68,,,,,4146,CI-46,LI-46,M-46,,
8/11/2023,Shears,5013394.42,653819.54,565,323,14,26,4147,Y,Alive,,3D6.1D5957765F,440308,7:03,,,BEAV,611558.12,4980505.68,,,,,4147,CI-47,LI-47,M-47,,
8/11/2023,Shears,5013394.42,653819.54,572,314,14,28,4148,Y,Alive,,3D6.1D59577633,440309,7:25,,,BEAV,611558.12,4980505.68,,,,,4148,CI-48,LI-48,M-48,,
8/11/2023,Shears,5013394.42,653819.54,510,229,12,19,4149,Y,Alive,,3D6.1D59577631,none,2:36,,,WS,618811.36,4984291.2,,,,,4149,CI-49,LI-49,M-49,,
8/11/2023,Shears,5013394.42,653819.54,555,293,13,23,4150,Y,Alive,,3D6.1D5957763F,440310,8:25,,,WS,618811.36,4984291.2,,,,,4150,CI-50,LI-50,M-50,,
8/11/2023,Shears,5013394.42,653819.54,530,284,13,23,4151,Y,Alive,,3D6.1D5957760A,440311,6:07,,,WS,618811.36,4984291.2,,,,,4151,CI-51,LI-51,M-51,,
8/15/2023,Shears,5013394.42,653819.54,630,387,16,31,4152,Y,Alive,,3D6.1D59577638,440257,7:02,,,WS Hatch,640815.77,4969658.49,,,,,4152,CI-52,LI-52,M-52,,
8/15/2023,Shears,5013394.42,653819.54,600,419,14.5,32,4153,Y,Alive,,3D6.1D5957765C,440258,8:46,,,WS Hatch,640815.77,4969658.49,,,,,4153,CI-53,LI-53,M-53,,
8/15/2023,Shears,5013394.42,653819.54,580,433,14,35,4154,Y,Alive,,3D6.1D59577611,440259,9:40,,,WS Hatch,640815.77,4969658.49,,,,,4154,CI-54,LI-54,M-54,,
8/15/2023,Shears,5013394.42,653819.54,600,444,14,35,4155,Y,Dead,,3D6.1D59577474,440260,5:48,Mort,,WS Hatch,640815.77,4969658.49,,,,,4155,CI-55,LI-55,M-55,,
8/15/2023,Shears,5013394.42,653819.54,610,367,15,31,4156,Y,Alive,,3D6.1D59577424,440254,6:28,,,WS Hatch,640815.77,4969658.49,,,,,4156,CI-56,LI-56,M-56,,
8/15/2023,Shears,5013394.42,653819.54,525,269,13,29,4157,Y,Alive,,3D6.1D59577662,440255,6:52,,,WS Hatch,640815.77,4969658.49,,,,,4157,CI-57,LI-57,M-57,,
8/15/2023,Shears,5013394.42,653819.54,510,230,12,25,4158,Y,Alive,466,3D6.1D59577466,440256,6:42,,,WS Hatch,640815.77,4969658.49,,,,,4158,CI-58,LI-58,M-58,,
8/15/2023,Shears,5013394.42,653819.54,570,313,12,29,4159,Y,Alive,627,3D6.1D59577627,440352,9:25,,,WS Hatch,640815.77,4969658.49,,,,,4159,CI-59,LI-59,M-59,,
8/15/2023,Shears,5013394.42,653819.54,580,229,14,28,4160,Y,Alive,435,3D6.1D59577435,440351,11:45,chunk missing by gills,,WS Hatch,640815.77,4969658.49,,,,,4160,CI-60,LI-60,M-60,,
8/15/2023,Shears,5013394.42,653819.54,580,337,14.5,31,4161,Y,Alive,438,3D6.1D59577438,440312,8:10,,,WS Hatch,640815.77,4969658.49,,,,,4161,CI-61,LI-61,M-61,,
8/15/2023,Shears,5013394.42,653819.54,630,386,15.5,32,4162,Y,Dead,442,3D6.1D59577442,440344,8:20,Mort,,WS Hatch,640815.77,4969658.49,,,,,4162,CI-62,LI-62,M-62,,
8/15/2023,Shears,5013394.42,653819.54,630,442,16,36,4163,Y,Dead,476,3D6.1D59577476,440343,,Mort,,WS Hatch,640815.77,4969658.49,,,,,4163,CI-63,LI-63,M-63,,
8/15/2023,Shears,5013394.42,653819.54,590,330,13.5,30,4164,Y,Alive,46e,3D6.1D5957746E,440316,7:00,,,WS Hatch,640815.77,4969658.49,,,,,4164,CI-64,LI-64,M-64,,
8/15/2023,Shears,5013394.42,653819.54,510,218,11.5,25,4165,Y,Dead,41F,3D6.1D5957741F,440315,6:32,Mort,,WS Hatch,640815.77,4969658.49,,,,,4165,CI-65,LI-65,M-65,,
8/15/2023,Shears,5013394.42,653819.54,525,241,13,27,4166,Y,Alive,469,3D6.1D59577469,440314,2:26,,,WS Hatch,640815.77,4969658.49,,,,,4166,CI-66,LI-66,M-66,,
8/15/2023,Shears,5013394.42,653819.54,650,423,17,39,4167,Y,Dead,634,3D6.1D59577634,440313,5:56,Mort,,WS Hatch,640815.77,4969658.49,,,,,4167,CI-67,LI-67,M-67,,
8/15/2023,Shears,5013394.42,653819.54,580,288,15,27,4168,Y,Alive,425,3D6.1D59577425,440320,6:23,,,WS Hatch,640815.77,4969658.49,,,,,4168,CI-68,LI-68,M-68,,
8/15/2023,Shears,5013394.42,653819.54,635,394,16,29,4169,Y,Dead,620,3D6.1D59577620,440319,7:29,chunk missing on back; Mort,,WS Hatch,640815.77,4969658.49,,,,,4169,CI-69,LI-69,M-69,,
8/15/2023,Shears,5013394.42,653819.54,540,265,14,28,4170,Y,Alive,444,3D6.1D59577444,440318,7:09,chunk missing on back,,WS Hatch,640815.77,4969658.49,,,,,4170,CI-70,LI-70,M-70,,
8/15/2023,Shears,5013394.42,653819.54,540,217,14,26,4171,Y,Alive,423,3D6.1D59577423,440317,6:24,,,WS Hatch,640815.77,4969658.49,,,,,4171,CI-71,LI-71,M-71,,
8/15/2023,Shears,5013394.42,653819.54,655,533,17,38,4172,Y,Alive,613,3D6.1D59577613,440323,7:40,claw marks on tail,,WS Hatch,640815.77,4969658.49,,,,,4172,CI-72,LI-72,M-72,,
8/15/2023,Shears,5013394.42,653819.54,600,329,15,31,4173,Y,Alive,45b,3D6.1D5957745B,440322,5:43,open wound on tail,,WS Hatch,640815.77,4969658.49,,,,,4173,CI-73,LI-73,M-73,,
8/15/2023,Shears,5013394.42,653819.54,620,449,14,35,4174,Y,Alive,65a,3D6.1D5957765A,440321,5:50,,,WS Hatch,640815.77,4969658.49,,,,,4174,CI-74,LI-74,M-74,,
8/15/2023,Shears,5013394.42,653819.54,600,394,15,32,4175,Y,Alive,44c,3D6.1D5957744C,440324,6:41,,,WS Hatch,640815.77,4969658.49,,,,,4175,CI-75,LI-75,M-75,,
8/15/2023,Shears,5013394.42,653819.54,555,348,14,30,4176,Y,Dead,614,3D6.1D59577614,440328,5:22,,,WS Hatch,640815.77,4969658.49,,,,,4176,CI-76,LI-76,M-76,,
8/15/2023,Shears,5013394.42,653819.54,560,308,14,30,4177,Y,Alive,436,3D6.1D59577436,440327,5:50,,,WS Hatch,640815.77,4969658.49,,,,,4177,CI-77,LI-77,M-77,,
8/15/2023,Shears,5013394.42,653819.54,630,362,16,30,4178,Y,Alive,46a,3D6.1D5957746A,440326,5:50,open wound on head,,WS Hatch,640815.77,4969658.49,,,,,4178,CI-78,LI-78,M-78,,
8/15/2023,Shears,5013394.42,653819.54,570,336,14,29,4179,Y,Alive,41e,3D6.1D5957741E,440325,6:16,,,WS Hatch,640815.77,4969658.49,,,,,4179,CI-79,LI-79,M-79,,
8/15/2023,Shears,5013394.42,653819.54,530,281,12,26,4180,Y,Alive,66a,3D6.1D5957766A,440332,5:58,,,WS Hatch,640815.77,4969658.49,,,,,4180,CI-80,LI-80,M-80,,
8/15/2023,Shears,5013394.42,653819.54,620,458,15,35,4181,Y,Alive,649,3D6.1D59577649,440331,6:43,,,WS Hatch,640815.77,4969658.49,,,,,4181,CI-81,LI-81,M-81,,
8/15/2023,Shears,5013394.42,653819.54,550,269,13,25,4182,Y,Alive,60e,3D6.1D5957760E,440330,7:00,,,WS Hatch,640815.77,4969658.49,,,,,4182,CI-82,LI-82,M-82,,
8/15/2023,Shears,5013394.42,653819.54,585,323,14,30,4183,Y,Alive,632,3D6.1D59577632,440329,5:13,,,WS Hatch,640815.77,4969658.49,,,,,4183,CI-83,LI-83,M-83,,
8/15/2023,Shears,5013394.42,653819.54,625,414,15.5,35,4184,Y,Alive,647,3D6.1D59577647,440333,6:31,,,WS Hatch,640815.77,4969658.49,,,,,4184,CI-84,LI-84,M-84,,
8/15/2023,Shears,5013394.42,653819.54,630,444,15,36,4185,Y,Alive,422,3D6.1D59577422,440334,5:55,,,WS Hatch,640815.77,4969658.49,,,,,4185,CI-85,LI-85,M-85,,
8/15/2023,Shears,5013394.42,653819.54,655,498,16,39,4186,Y,Alive,44d,3D6.1D5957744D,440335,5:52,,,WS Hatch,640815.77,4969658.49,,,,,4186,CI-86,LI-86,M-86,,
8/15/2023,Shears,5013394.42,653819.54,640,461,16,36,4187,Y,Alive,465,3D6.1D59577465,440336,5:07,,,WS Hatch,640815.77,4969658.49,,,,,4187,CI-87,LI-87,M-87,,
8/15/2023,Shears,5013394.42,653819.54,570,300,14,31,4188,Y,Alive,617,3D6.1D59577617,440340,6:11,,,WS Hatch,640815.77,4969658.49,,,,,4188,CI-88,LI-88,M-88,,
8/15/2023,Shears,5013394.42,653819.54,595,320,14,32,4189,Y,Alive,43b,3D6.1D5957743B,440339,5:33,,,WS Hatch,640815.77,4969658.49,,,,,4189,CI-89,LI-89,M-89,,
8/15/2023,Shears,5013394.42,653819.54,650,417,17,30,4190,Y,Alive,658,3D6.1D59577658,440338,5:34,,,WS Hatch,640815.77,4969658.49,,,,,4190,CI-90,LI-90,M-90,,
8/15/2023,Shears,5013394.42,653819.54,575,343,14,32,4191,Y,Alive,645,3D6.1D59577645,440337,4:31,,,WS Hatch,640815.77,4969658.49,,,,,4191,CI-91,LI-91,M-91,,
8/17/2023,Bonneville,5053791.66,581428.23,670,,16,42,4192,Y,Alive,468,3D6.1D59577468,440347,,,,Beaver,611558.12,4980505.68,,,,,4192,CI-92,LI-92,M-92,,
8/17/2023,Bonneville,5053791.66,581428.23,695,,17,41,4193,Y,Alive,461,3D6.1D59577461,440350,,,,Beaver,611558.12,4980505.68,,,,,4193,CI-93,LI-93,M-93,,
8/17/2023,Bonneville,5053791.66,581428.23,680,515,17,38,4194,Y,Alive,451,3D6.1D59577451,440346,7:38,wound on head,,Beaver,611558.12,4980505.68,,,,,4194,CI-94,LI-94,M-94,,
8/17/2023,Bonneville,5053791.66,581428.23,640,530,17,41,4195,Y,Alive,641,3D6.1D59577641,440348,9:45,,,Beaver,611558.12,4980505.68,,,,,4195,CI-95,LI-95,M-95,,
8/17/2023,Bonneville,5053791.66,581428.23,700,625,18,38,4196,Y,Alive,42a,3D6.1D5957742A,440349,8:49,,,Beaver,611558.12,4980505.68,,,,,4196,CI-96,LI-96,M-96,,
8/17/2023,Bonneville,5053791.66,581428.23,680,526,17,40,4197,Y,Alive,446,3D6.1D59577446,440356,7:31,,,Beaver,611558.12,4980505.68,,,,,4197,CI-97,LI-97,M-97,,
8/17/2023,Bonneville,5053791.66,581428.23,695,547,17,39,4198,Y,Alive,443,3D6.1D59577443,440355,8:00,,,Beaver,611558.12,4980505.68,,,,,4198,CI-98,LI-98,M-98,,
8/17/2023,Bonneville,5053791.66,581428.23,680,564,17.5,40,4199,Y,Alive,420,3D6.1D59577420,440354,7:46,,,Beaver,611558.12,4980505.68,,,,,4199,CI-99,LI-99,M-99,,
8/17/2023,Bonneville,5053791.66,581428.23,650,513,16,37,4200,Y,Alive,416,3D6.1D59577416,440353,7:30,,,Beaver,611558.12,4980505.68,,,,,4200,CI-100,LI-100,M-100,,
8/17/2023,Bonneville,5053791.66,581428.23,660,547,16,39,4201,Y,Alive,462,3D6.1D59577462,440357,8:02,,,Beaver,611558.12,4980505.68,,,,,4201,CI-101,LI-101,M-101,,
8/17/2023,Bonneville,5053791.66,581428.23,620,456,15,34,4202,Y,Alive,463,3D6.1D59577463,440358,7:15,,,Beaver,611558.12,4980505.68,,,,,4202,CI-102,LI-102,M-102,,
8/17/2023,Bonneville,5053791.66,581428.23,675,606,17,42,4203,Y,Alive,460,3D6.1D59577460,440359,9:23,,,Beaver,611558.12,4980505.68,,,,,4203,CI-103,LI-103,M-103,,
8/17/2023,Bonneville,5053791.66,581428.23,710,607,17,39,4204,Y,Alive,609,3D6.1D59577609,440360,7:12,,,Beaver,611558.12,4980505.68,,,,,4204,CI-104,LI-104,M-104,,
8/17/2023,Bonneville,5053791.66,581428.23,600,285,15,35,4205,Y,Alive,42b,3D6.1D5957742B,440364,6:10,,,Beaver,611558.12,4980505.68,,,,,4205,CI-105,LI-105,M-105,,
8/17/2023,Bonneville,5053791.66,581428.23,660,555,16,40,4206,Y,Alive,669,3D6.1D59577669,440361,6:05,,,Beaver,611558.12,4980505.68,,,,,4206,CI-106,LI-106,M-106,,
8/17/2023,Bonneville,5053791.66,581428.23,680,597,16,40,4207,Y,Alive,43d,3D6.1D5957743D,440362,6:27,,,Beaver,611558.12,4980505.68,,,,,4207,CI-107,LI-107,M-107,,
8/17/2023,Bonneville,5053791.66,581428.23,720,636,18,41,4208,Y,Alive,473,3D6.1D59577473,440363,6:38,,,Beaver,611558.12,4980505.68,,,,,4208,CI-108,LI-108,M-108,,
8/17/2023,Bonneville,5053791.66,581428.23,660,536,16,39,4209,Y,Alive,45e,3D6.1D5957745E,440365,8:57,,,WS,618811.36,4984291.2,,,,,4209,CI-109,LI-109,M-109,,
8/17/2023,Bonneville,5053791.66,581428.23,600,417,15,35,4210,Y,Alive,459,3D6.1D59577459,440368,8:56,,,WS,618811.36,4984291.2,,,,,4210,CI-110,LI-110,M-110,,
8/17/2023,Bonneville,5053791.66,581428.23,650,514,15.5,34,4211,Y,Alive,433,3D6.1D59577433,440367,7:19,,,WS,618811.36,4984291.2,,,,,4211,CI-111,LI-111,M-111,,
8/17/2023,Bonneville,5053791.66,581428.23,690,590,17,41,4212,Y,Alive,467,3D6.1D59577467,440366,7:56,,,WS,618811.36,4984291.2,,,,,4212,CI-112,LI-112,M-112,,
8/17/2023,Bonneville,5053791.66,581428.23,690,610,18,40,4213,Y,Alive,42f,3D6.1D5957742F,440372,7:56,,,WS,618811.36,4984291.2,,,,,4213,CI-113,LI-113,M-113,,
8/17/2023,Bonneville,5053791.66,581428.23,720,702,19,48,4214,Y,Alive,42d,3D6.1D5957742D,440371,8:00,,,WS,618811.36,4984291.2,,,,,4214,CI-114,LI-114,M-114,,
8/17/2023,Bonneville,5053791.66,581428.23,680,631,17,44,4215,Y,Alive,471,3D6.1D59577471,440370,,,,WS,618811.36,4984291.2,,,,,4215,CI-115,LI-115,M-115,,
8/17/2023,Bonneville,5053791.66,581428.23,700,605,18,40,4216,Y,Alive,41c,3D6.1D5957741C,440369,,,,WS,618811.36,4984291.2,,,,,4216,CI-116,LI-116,M-116,,
8/17/2023,Bonneville,5053791.66,581428.23,670,596,14,40,4217,Y,Alive,418,3D6.1D59577418,440376,,,,WS,618811.36,4984291.2,,,,,4217,CI-117,LI-117,M-117,,
8/17/2023,Bonneville,5053791.66,581428.23,700,607,19,41,4218,Y,Alive,42c,3D6.1D5957742C,440375,,,,WS,618811.36,4984291.2,,,,,4218,CI-118,LI-118,M-118,,
8/17/2023,Bonneville,5053791.66,581428.23,550,309,13,30,4219,Y,Alive,450,3D6.1D59577450,440374,,,,WS,618811.36,4984291.2,,,,,4219,CI-119,LI-119,M-119,,
8/17/2023,Bonneville,5053791.66,581428.23,730,602,17,36,4220,Y,Alive,439,3D6.1D59577439,440373,,,,WS,618811.36,4984291.2,,,,,4220,CI-120,LI-120,M-120,,
8/17/2023,Bonneville,5053791.66,581428.23,650,520,16,40,4221,Y,Alive,64c,3D6.1D5957764C,440379,,,,WS,618811.36,4984291.2,,,,,4221,CI-121,LI-121,M-121,,
8/17/2023,Bonneville,5053791.66,581428.23,670,558,17,46,4222,Y,Alive,636,3D6.1D59577636,440378,,,,WS,618811.36,4984291.2,,,,,4222,CI-122,LI-122,M-122,,
8/17/2023,Bonneville,5053791.66,581428.23,655,564,17,35,4223,Y,Alive,434,3D6.1D59577434,440377,,,,BEAV,611558.12,4980505.68,,,,,4223,CI-123,LI-123,M-123,,
8/17/2023,Bonneville,5053791.66,581428.23,630,491,17,39,4224,Y,Alive,46B,3D6.1D5957746B,440381,,,,WS,618811.36,4984291.2,,,,,4224,CI-124,LI-124,M-124,,
8/17/2023,Bonneville,5053791.66,581428.23,680,643,18,41,4225,Y,Alive,46F,3D6.1D5957746F,440382,,,,BEAV,611558.12,4980505.68,,,,,4225,CI-125,LI-125,M-125,,
8/17/2023,Bonneville,5053791.66,581428.23,710,599,18,39,4226,Y,Alive,616,3D6.1D59577616,440385,,,,BEAV,611558.12,4980505.68,,,,,4226,CI-126,LI-126,M-126,,
8/17/2023,Bonneville,5053791.66,581428.23,660,597,16,45,4227,Y,Alive,437,3D6.1D59577437,440383,,,,WS,618811.36,4984291.2,,,,,4227,CI-127,LI-127,M-127,,
8/17/2023,Bonneville,5053791.66,581428.23,660,564,17,40,4228,Y,Alive,41B,3D6.1D5957741B,440384,,,,BEAV,611558.12,4980505.68,,,,,4228,CI-128,LI-128,M-128,,
8/17/2023,Bonneville,5053791.66,581428.23,630,487,16,40,4229,Y,Alive,431,3D6.1D59577431,440386,,,,BEAV,611558.12,4980505.68,,,,,4229,CI-129,LI-129,M-129,,
8/17/2023,Bonneville,5053791.66,581428.23,700,625,17,40,4230,Y,Alive,453,3D6.1D59577453,440387,,,,WS,618811.36,4984291.2,,,,,4230,CI-130,LI-130,M-130,,
8/17/2023,Bonneville,5053791.66,581428.23,660,528,15,39,4231,Y,Alive,62C,3D6.1D5957762C,440388,,,,WS,618811.36,4984291.2,,,,,4231,CI-131,LI-131,M-131,,
8/17/2023,Bonneville,5053791.66,581428.23,670,580,16,37,4232,Y,Alive,43C,3D6.1D5957743C,440389,,,,WS,618811.36,4984291.2,,,,,4232,CI-132,LI-132,M-132,,
8/17/2023,Bonneville,5053791.66,581428.23,700,543,18,40,4233,Y,Alive,45A,3D6.1D5957745A,440390,,,,BEAV,611558.12,4980505.68,,,,,4233,CI-133,LI-133,M-133,,
8/17/2023,Bonneville,5053791.66,581428.23,680,514,17,36,4234,Y,Alive,45D,3D6.1D5957745D,440391,,,,WS,618811.36,4984291.2,,,,,4234,CI-134,LI-134,M-134,,
8/17/2023,Bonneville,5053791.66,581428.23,660,550,17,42,4235,Y,Alive,43F,3D6.1D5957743F,440392,,,,BEAV,611558.12,4980505.68,,,,,4235,CI-135,LI-135,M-135,,
8/17/2023,Bonneville,5053791.66,581428.23,700,585,19,42,4236,Y,Alive,626,3D6.1D59577626,440393,,,,WS,618811.36,4984291.2,,,,,4236,CI-136,LI-136,M-136,,
8/17/2023,Bonneville,5053791.66,581428.23,710,518,18,33,4237,Y,Alive,43E,3D6.1D5957743E,440394,,,,BEAV,611558.12,4980505.68,,,,,4237,CI-137,LI-137,M-137,,
8/17/2023,Bonneville,5053791.66,581428.23,660,541,16,38,4238,Y,Alive,452,3D6.1D59577452,440395,,,,BEAV,611558.12,4980505.68,,,,,4238,CI-138,LI-138,M-138,,
,,,,,,,,,,,,,,,,,,,,,,,,,,,,,
,,,,,,,,,,,,,,,,,,,,,,,,,,,,,
